{"x": -0.0018326,
 "y": -0.00534507,
 "z": -0.00251982}